FlightNumber,Departure,Destination,DepartureTime,AvailableSeats,Status
VN101,SG,HN,2025-10-01 08:00,119,4
VN102,HN,DL,2025-10-01 13:30,76,4
VN103,DL,SG,2025-10-02 06:45,137,4
VN104,SG,HP,2025-10-02 09:15,110,4
VN105,HP,HN,2025-10-02 15:50,95,4
VN106,HN,CT,2025-10-31 00:00,130,0
VN107,CT,SG,2025-10-03 18:20,140,4
VN108,SG,QN,2025-10-04 10:00,85,4
VN109,QN,HN,2025-10-04 20:45,90,4
VN110,HN,SG,2025-10-05 05:30,160,4
VN111,SGN,DL,2025-10-05 00:00,88,4
CC123,DL,SG,2025-10-04 00:00,118,4
VN135,DN,HCM,2025-10-04 23:30,96,4
VJC240,SGN,THD,2025-10-07 08:32,119,4
VN206,DL,SGH,2025-10-07 08:34,117,4
